{
  "Soft-NMS (sigma=0.5)": {
    "AP@0.50": 0.0007087661301018223,
    "AP@0.75": 4.0723407183349114e-07,
    "AP@[.50:.95]": 9.940376181767818e-05,
    "AR@100": 0.004147315984031427
  },
  "Hard-NMS (IoU=0.5)": {
    "AP@0.50": 0.0007534183173448403,
    "AP@0.75": 5.004606436911713e-07,
    "AP@[.50:.95]": 0.00010354775577792779,
    "AR@100": 0.0042042880031166775
  }
}