{
  "overall": {
    "TP": 271,
    "FP": 9729,
    "FN": 14614,
    "precision": 0.0271,
    "recall": 0.018206247900571043
  },
  "by_density": {
    "0-30": {
      "TP": 0,
      "FP": 0,
      "FN": 0,
      "num_images": 0,
      "precision": 0.0,
      "recall": 0.0
    },
    "30-100": {
      "TP": 19,
      "FP": 481,
      "FN": 385,
      "num_images": 5,
      "precision": 0.038,
      "recall": 0.04702970297029703
    },
    "100-200": {
      "TP": 229,
      "FP": 8271,
      "FN": 12003,
      "num_images": 85,
      "precision": 0.026941176470588236,
      "recall": 0.018721386527141923
    },
    "200+": {
      "TP": 23,
      "FP": 977,
      "FN": 2226,
      "num_images": 10,
      "precision": 0.023,
      "recall": 0.010226767452200978
    }
  }
}