{
  "AP@0.50": 0.000764521200818357,
  "AP@0.55": 0.00022244486537033493,
  "AP@0.60": 5.386881858252515e-05,
  "AP@0.65": 1.2787908259710034e-05,
  "AP@0.70": 2.083957453497903e-06,
  "AP@0.75": 4.81834106879548e-07,
  "AP@0.80": 4.258992591942306e-08,
  "AP@0.85": 8.269602524385636e-09,
  "AP@0.90": 0.0,
  "AP@0.95": 0.0,
  "AP@[.50:.95]": 0.00010562394441197484,
  "AR@1": 6.881440070927943e-05,
  "AR@10": 0.0006209702359731605,
  "AR@100": 0.004142773469596129,
  "AR@300": 0.004142773469596129,
  "_meta": {
    "num_images": 200,
    "inference_time_s": 81.53,
    "fps": 2.5,
    "checkpoint": "results/training/checkpoints/best_model.pth",
    "untrained": false,
    "synthetic_data": false,
    "device": "mps",
    "total_params": 9980620
  }
}