{
  "Gaussian Noise": {
    "levels": [
      0,
      0.05,
      0.1,
      0.2
    ],
    "AP@0.50": [
      0.0007087661301018223,
      0.0007797068218847174,
      0.000774614967291961,
      0.0009542463069498982
    ]
  },
  "Gaussian Blur": {
    "levels": [
      0,
      3,
      5,
      9
    ],
    "AP@0.50": [
      0.0007087661301018223,
      0.0008429427356044768,
      0.000860309648921871,
      0.0009553927313952296
    ]
  },
  "Brightness Shift": {
    "levels": [
      0,
      0.2,
      0.4,
      0.6
    ],
    "AP@0.50": [
      0.0007087661301018223,
      0.0007516377439010164,
      0.0007587689975407483,
      0.000750536903468558
    ]
  }
}